,b,z,d,e,a
0,0,4.131799600044856,4.87790058691418,4.218225018831046,6
1,7,8.025862551664114,6.4008265824172055,7.811688014528613,3
2,3,11.042608835636488,11.134788345272975,10.959215214507603,7
3,3,6.480146608451246,6.163588256188734,3.292335132411103,4
4,4,8.350917666065778,6.945162935412822,9.033553749634484,6
5,7,17.04573513254034,16.114467552824074,16.73107151519356,9
6,4,6.16912405009909,6.060147957803741,4.8209704760808245,2
7,7,13.25157108483232,14.285534341331342,14.17413460168046,6
8,9,16.809539272005907,16.156581280748096,17.445904999758838,7
9,0,2.6900228417176066,3.9034042416226002,2.3627026454427504,4
10,9,10.368499178615835,10.43167840617235,9.216329799095817,3
11,8,16.5809542949032,17.89133899707317,16.758985029582572,7
12,5,10.562833239257708,9.95834163047766,10.685939323845318,7
13,2,2.777762202924436,2.7289526148190673,3.7020964859162175,2
14,7,10.977564620454235,11.34604822379123,10.533829105593744,5
15,8,14.079945923690522,13.90043546094901,15.274868058555517,4
16,5,6.493383300411523,7.4464074475567585,5.953130297075756,1
17,6,13.96540797443538,11.757844249145114,12.619576189892957,7
18,0,5.196167545578729,7.618573084368669,4.063884790101447,5
19,4,4.398112788798766,5.255887395793928,4.335701249663151,1
20,4,8.631291283260168,8.457759454225151,8.565776774201437,4
21,9,7.443384029203196,6.891062355625852,7.771245169953972,0
22,3,10.904716547903504,10.03829593645495,10.814342516785063,9
23,5,10.732975179261482,11.37859065343122,11.710293695325811,5
24,6,12.64274476917322,13.637726437965574,12.381650670710643,8
25,8,7.810918530838126,7.648392402708227,5.81464226596671,0
26,0,8.856487655644589,9.963478068623091,8.735390967178795,9
27,5,6.471337996662838,5.564077949901716,4.464559308896357,2
28,6,10.048881525151144,8.965070675164307,10.320272506148841,6
29,2,4.371071108811307,6.184412314056856,5.428264107796223,3
30,7,14.175031623067515,14.766140236606057,13.188807136784995,8
31,4,6.161439863287699,7.558288065101027,7.579996549679549,2
32,8,12.11049053869947,11.256550830311777,12.953321783427901,4
33,4,6.377961459936874,5.454436068168144,7.584441615351929,2
34,8,13.324013727025603,12.96540440756806,13.513577583460235,6
35,9,13.522777950465892,12.69871910892688,12.530012774714072,4
36,3,9.443993267226316,10.149358477454767,10.224808695040455,8
37,8,12.178095267347645,11.4269692104212,11.553494360579306,6
38,4,2.664427275833372,1.4927574177660816,2.7823117819367273,1
39,9,11.500702760428002,11.642718172683233,11.329351767624383,3
40,8,15.246701775661442,13.95671559983623,16.37139763245834,8
41,2,3.7893156118546,1.9898516803792108,4.519642617777929,1
42,3,11.35133741295113,11.484594646812408,11.27077161463876,9
43,8,16.273376347944268,14.524156304934058,14.321769154404116,8
44,9,18.813296576583078,19.588575972878502,18.178069110053876,9
45,5,8.313680924350884,6.918347198098088,9.0179032138353,4
46,1,2.2980522101071754,0.05737842368742774,2.57816247115376,1
47,6,10.001927548955194,9.7081308988144,8.498705614542333,3
48,1,5.761837225194433,5.906431728490917,3.955249252725544,6
49,1,8.024852338244644,8.516327401926585,8.2203614884021,7
50,0,1.3179656168006857,1.4899813158165391,0.2609084490849096,2
51,2,0.8255101175068615,-0.23380250361088084,-0.13528634333071543,0
52,5,6.463548259509771,7.176609440436375,7.136155988292425,3
53,7,6.8093514278213,7.7694899343010455,8.011590208236974,1
54,8,15.060029005752012,13.854266877296475,14.309326978715713,7
55,6,7.389155544438253,7.20814940577864,7.34439523682608,3
56,3,3.449272975911363,3.1748329488023432,3.3750263099270024,1
57,5,10.813194406852897,11.033575989640932,10.648990302156381,5
58,4,9.449010963418935,9.244087171644827,9.489609439575235,5
59,7,15.469492377061844,15.401614604988866,16.225991304902,9
60,0,4.689690413358724,5.331505943600415,4.015766066629128,3
61,0,6.893036413911661,5.779183314310528,5.367758879395595,5
62,5,6.026122431539726,6.76349556680055,7.716132365143486,1
63,9,15.531457084115692,16.672589815646944,16.62087900860574,9
64,1,2.88644819701626,4.520583190505128,1.782810325766862,1
65,4,10.706023659966414,8.562656335829054,10.841655668742368,9
66,0,4.476146110720066,4.2932444536048475,5.486848275306176,3
67,6,14.083584900742299,12.11848432638871,14.832628845268339,7
68,0,7.774212504138021,5.339148814365197,8.236225814067305,6
69,3,11.260265558367728,11.404358605975206,11.090038666775984,8
70,8,14.638614232818162,14.2394624399678,16.36591815788012,7
71,0,3.549898866309776,3.8497498180805225,3.770757738769236,4
72,3,3.453739828969103,3.9398675190564187,2.9387805696484124,1
73,5,9.981068653674702,11.228964611782622,10.852144382520297,4
74,5,12.712271489505879,12.766191914811658,12.8083301314573,7
75,7,16.120225633434213,19.043581250753302,16.470023360687836,9
76,0,7.277818692073028,7.584228547058241,7.480967893664236,8
77,6,16.629212631300273,18.471691675867483,17.125988205067184,8
78,0,0.9123746139628699,-1.4204631865613784,-0.06608163943633705,0
79,6,12.40228808022659,13.752027609777215,10.951181693056583,8
80,2,7.483743984062873,7.302983494267313,8.917876707296458,6
81,7,15.931776097408706,13.983428837981435,16.181360659197875,8
82,2,8.200461078767315,8.621006187995436,8.971308356175895,7
83,0,0.35154795882588885,0.04859242084157156,-1.4082112613517372,0
84,7,14.950796300336147,15.530849548784289,16.01747940905065,7
85,2,5.611571917343607,6.622648374894685,5.09008627198784,7
86,1,2.8919623002107495,1.4028121834491536,2.085744133401705,2
87,0,-0.06879084643487816,0.9461281360202795,-0.1321640140668645,0
88,2,8.58792754431621,8.594407028536928,7.609947333773686,7
89,1,3.301695134946041,4.6545363096393135,3.299963436720434,2
90,1,3.6575196074958747,3.4523713784980066,3.5211812604813884,2
91,5,5.142050944324609,4.671642051793188,6.202446849558491,0
92,0,3.626172605950568,3.6532266466395193,5.139517108090038,4
93,1,10.632621299784269,10.734482006164122,12.114137092625851,9
94,5,11.049053409274357,10.386268607782622,8.784538429878241,6
95,2,10.769299586804522,10.272994855849237,9.834132756961237,9
96,3,9.687720614661082,8.460845080147292,7.4128338508387195,8
97,0,4.437345214733922,4.002700124943727,3.243802940298891,6
98,7,13.66877020728593,14.345080267283508,13.019251996382097,8
99,6,13.278329061220214,13.14097488731407,13.688890676447159,7
100,6,6.920921252393648,7.929986548440977,6.400988017901108,1
101,2,0.5197159017925368,0.33428643413946313,0.027645830843890995,0
102,9,15.645917825793811,14.214399828070498,15.827682508993574,6
103,9,16.374309513179096,16.97158440073568,14.664999867971286,6
104,2,8.401506383283664,7.727883242250261,7.562913230319801,7
105,1,3.259018142631626,3.025650853868091,2.755461516814253,4
106,0,1.2908736150980873,2.5284456625822047,1.0884716264667431,2
107,6,13.854460626794694,12.69359016707318,13.93141461702024,7
108,6,11.548529858534774,11.713273645999159,13.049179648267817,5
109,1,2.077567313988521,2.037048963952729,2.9859034750696156,2
110,6,7.521172137764742,8.222097853201845,6.751862113272807,0
111,7,10.3482800659264,11.203433431408422,10.086951006474932,2
112,0,3.2669939367233587,3.530832940972251,2.9375547996312354,4
113,8,9.256709997035033,8.896335350454633,8.74255748051429,2
114,6,5.407172062620511,5.880544566646471,5.67968788844142,0
115,2,5.492667224611454,6.828323121756016,3.6328876716405456,4
116,7,16.950538007928444,16.923248068288743,17.83125239593493,9
117,6,12.425329060476594,12.158072946053567,14.118879851191949,6
118,7,13.877078769350588,14.265249027018578,13.60723822867877,6
119,5,13.6735651431867,13.712292163556311,13.384200718068872,8
120,8,18.714527068193732,17.37681764427593,18.871571315402402,9
121,4,11.94061445619086,12.17994525658834,12.96000043315107,9
122,2,4.3803585303839165,3.0335961216201524,4.056064813566675,2
123,2,5.826178743765302,6.2006593901737475,6.760123909867039,6
124,0,-1.3169555740968584,-2.114098298503426,-0.8284609016436156,0
125,7,9.925146614065152,9.962021418251497,12.286758058069843,3
126,1,4.418206612754536,4.808800518953772,4.08954459759224,3
127,2,5.8981842579704304,8.352087603914,3.9221838102495967,4
128,7,12.432807581187323,13.175557542974246,10.999868460501808,6
129,7,12.610582122506962,13.975380932249296,12.62251035990712,6
130,3,7.369440976424104,9.24118879511803,8.397323070444855,3
131,3,8.61596782211986,9.105223739119305,7.9634586816991355,6
132,4,7.749241622043527,8.034931422310727,7.518309172168197,2
133,5,10.794017073541134,9.72729596471492,11.47885981087271,5
134,4,5.45753734614823,5.340907413747836,4.492304745269773,1
135,6,13.806403089679005,13.083315360043143,13.195133690484187,9
136,1,9.935238161399626,9.53417931127524,8.767511473789366,8
137,6,9.5062294222515,11.376892798443969,10.684457515134063,4
138,9,12.8055602419943,12.92018175119429,14.347233053790667,5
139,6,9.512843613079378,8.63694403536327,7.933428623586318,3
140,0,7.61205393943346,8.986587394124765,7.469868440445238,9
141,6,11.237758537870418,12.193034014107866,12.645017512935363,6
142,4,11.989884088531088,12.997537581131485,12.388579272153326,8
143,2,10.218421424114727,8.212291221012332,9.729182191115632,6
144,2,1.3130842442075124,3.261755201928998,-0.23307787540338643,0
145,3,2.541783480699425,1.9832687386055377,3.6947280325222893,0
146,1,9.732345054421645,10.5102998272144,10.092860269366142,8
147,1,7.761704311623954,10.285504102240985,6.288717923882198,8
148,0,3.4428063810209153,5.598139129211533,4.632697434895906,3
149,4,13.205926807616589,12.228364682143901,11.605523245858718,8
150,3,4.692905115288899,3.248387778286626,4.4724189611214875,2
151,9,16.026154281396867,17.456500880244796,15.761539578024738,6
152,1,6.291449923211807,6.433505734805807,7.909831252059642,5
153,2,8.26931803619622,7.76843659489414,8.008271844316067,7
154,6,13.802195314103493,14.42341386104254,13.537552627802768,8
155,6,9.620242660019757,9.457363082560317,8.257164315122063,4
156,3,2.9123617421835224,3.613685879232266,2.2719640631249165,0
157,4,6.152717899219828,6.219699707038561,5.335422438339186,2
158,4,13.588199934971858,14.310587863300025,12.822977568967165,9
159,5,12.508668249587135,11.614135560450746,12.514952774479008,7
160,8,10.568286428737853,11.992748441870487,8.13411004289526,5
161,1,7.902691811227974,8.600315181960411,6.392461565811076,7
162,4,10.490578086593237,11.13687545599681,10.379559212986083,8
163,2,4.724272747532674,3.6066028205206804,4.845527430636606,3
164,3,2.87621041218908,4.575842828833327,2.6427776135451846,0
165,9,9.976148358084709,9.96243225871844,9.935353868299748,0
166,5,13.9698845328999,14.697933395329741,13.560767919244649,9
167,7,10.25921801834326,9.936393554596652,10.240713415113598,3
168,0,6.793056380657429,7.053945445339526,7.227198600919645,6
169,9,11.227752259819301,11.524879611938704,11.654885988506962,1
170,7,8.876986076643089,6.057055144639667,8.188027665184594,2
171,6,6.094179441680409,6.67662756633524,7.009274181263359,0
172,0,4.010023302242254,5.975364763964338,4.1671319967455736,4
173,1,0.45740103556892375,0.9971812945608808,1.689614991908693,0
174,2,8.23088477655761,7.273176527667872,9.663757207824693,7
175,0,-2.2718859164259353,-1.6219243502720482,-3.7146126377991813,0
176,8,6.923339065475671,7.982819595649009,6.064311526606962,0
177,7,6.221369166790197,6.733835682980584,7.034917206760747,1
178,1,3.255198484453252,3.1810713780232085,1.5903060643243048,1
179,8,13.188416008297429,12.946266782473497,14.608592970990802,5
180,6,11.874061027053166,11.627751271686359,11.530178832240503,6
181,8,11.282514813918919,11.980291714930132,11.857547849027938,4
182,5,5.029779263234624,3.622655268174996,4.913388600373848,0
183,5,4.152020122344666,3.7801469614892595,2.759630594560979,0
184,3,5.174018556620604,6.769628379631552,6.22956315875258,2
185,9,10.245733982921353,11.87992924949853,12.996457013458683,1
186,9,12.138616297643257,10.660469209841594,11.623608021287565,4
187,1,9.119538035177595,7.988124423913986,8.797179484332352,9
188,6,11.962199354595118,11.691578775067182,9.313099811328058,5
189,4,9.9471400457087,10.839729562823052,11.29864294916482,6
190,5,7.218979570735109,5.391505216682119,8.130744893577113,3
191,1,6.629493698310481,6.5746850633930025,4.896109836255566,6
192,4,9.989405913293393,9.515226756713748,7.924520451246506,7
193,9,8.932816419338083,10.258781093623316,6.9835851361728185,0
194,3,8.831628307664468,7.154719833695214,9.476797433037287,5
195,8,14.972329332405739,15.06486994789936,15.717320752019821,7
196,5,11.363633443675385,10.97002400632679,10.440299499306596,4
197,1,4.421359568049001,5.891158494326289,4.9206195994318,3
198,0,1.2299544478422124,1.827607094195462,1.3888315688333648,1
199,4,8.091697869034194,7.505882209776459,7.724428162179975,5
200,8,12.761466553157334,13.614852996486416,13.731663379842633,5
201,5,4.220986156966307,3.8321573036577337,3.0160505557382686,0
202,9,14.834354771595876,15.83368448283563,15.981893985189771,8
203,6,11.974262222128807,11.73718523124323,11.245740668114454,5
204,4,5.488549444449768,6.543216023218532,7.270086126416813,2
205,9,11.239599925666694,11.675681880793944,10.234293902185227,3
206,5,8.210570033958465,11.471061114649888,7.858997955358338,3
207,4,6.5124995522215166,6.459603546805512,6.571086689763869,2
208,8,16.679225167093723,17.062087458715173,16.731543714916207,9
209,5,6.997398332390982,6.517973590675051,7.488226833009078,2
210,7,9.746187407314403,9.748872748069182,8.460504989067726,2
211,1,3.6398064053900523,0.9379712712406114,3.602493997143417,3
212,8,14.302333741763334,14.767917758304366,14.440465448166055,6
213,4,5.340755381610849,6.683629594560261,4.813017157582722,3
214,6,12.758681001572251,13.155311006171605,13.162739619031669,8
215,9,9.605539778080404,8.291678320103026,8.259169864592623,0
216,0,5.706441360832701,4.9046542081237,5.379987471782018,7
217,9,15.234137547113296,12.803945419957024,14.48095342270963,6
218,4,4.853001217802928,5.8319252246683515,4.529570288253908,1
219,9,15.635532737479771,14.62901944477019,17.082568197400974,7
220,1,0.1715372310322718,0.14282864082004385,1.637992957189672,0
221,5,13.909340018105375,13.755602445778155,15.179756478686595,8
222,0,9.729891154519835,11.217618190178102,9.267633874438983,8
223,2,3.3001921626001947,3.385473480565933,4.207810439400402,1
224,4,10.322490715672817,11.131383635778827,10.434852842598621,6
225,3,11.317669370142506,11.864133134290167,11.363259073645514,9
226,2,2.80390276817562,4.1633141881370195,2.7265414205564507,2
227,9,14.960261095193825,14.721137400690866,16.71867895257295,6
228,4,12.026250352041924,13.895865682546441,13.392088957598387,9
229,7,13.227389871684178,11.241727715284863,13.972286290131276,8
230,3,6.803445812365583,7.660919310366818,6.6331448468549565,3
231,0,0.852166788251833,-0.014452820412299117,0.8917275465063951,0
232,6,6.141161227046906,5.648411674266954,6.67172783158464,1
233,7,7.243964321279244,7.81337858818028,6.722355409425222,0
234,2,7.001952267791767,7.56335431763951,7.940267983756271,4
235,5,9.20502668706188,9.81145470075195,8.283781575618972,4
236,1,5.8068453539012665,4.420687409796028,6.198689041898672,6
237,6,13.767106586762901,15.216136818042141,11.477391036970271,8
238,7,16.32680942004199,15.426162301814314,15.77619089343986,8
239,5,7.247026643605113,6.479739553379914,9.324703776524556,2
240,5,7.539132103182805,8.177028841349633,8.575323597574716,2
241,4,6.341629219369114,6.054908044607874,7.877097669303638,2
242,7,9.144488642021747,9.452749482584238,8.477180974667364,3
243,0,6.379154780717357,4.222554084084569,6.4829276175177935,7
244,9,14.338865157051742,14.623189606570975,15.620857410146048,5
245,3,10.816871780020408,11.034703659532623,11.449966714725786,7
246,3,4.099904950917883,3.5900464131535994,4.608470828276202,0
247,2,8.141894455231807,6.067818495467018,9.77247642556187,7
248,2,5.433120534677194,5.220312273195589,4.392665569063266,3
249,3,4.1870441117189765,4.149670251920363,4.002806072273473,0
250,0,6.012918229711977,5.645689239381483,4.258832667042623,7
251,1,5.486747135799774,3.650572671367277,4.391641083864173,3
252,8,14.63894082734419,16.233674834661105,15.713126219523161,5
253,9,18.62508633962166,17.98622481167729,17.707737073429538,7
254,1,4.230933440829995,4.008728777907094,4.966457694955093,3
255,4,6.236424676262448,3.8269503550441577,7.894909718230529,2
256,8,16.826994389117317,18.421849737815524,16.649056214125377,8
257,8,10.797802673049416,10.33125274131536,11.31766611284923,2
258,7,16.126366860995606,16.22482967806981,16.869678990538524,8
259,0,1.7840331804651037,2.9047706252817553,0.5625381173985384,1
260,0,0.8939380909619613,0.2176338862453353,0.2774857456609142,1
261,8,10.221997120973501,11.185242108360045,9.218335909301699,1
262,7,10.928745850307275,8.867420394366132,10.392022740224245,5
263,9,11.005852336725376,11.556838994296688,11.721963034806475,2
264,8,17.5637356160498,19.135977782569455,16.96853888510751,8
265,6,7.749753501879681,7.1693366546616515,7.714600274947864,3
266,2,1.3225243430028368,2.4414059633012357,0.2800627260716013,0
267,2,5.671747291077291,7.505669943271075,6.898169455610994,3
268,1,1.3939119732361522,1.139070135182133,0.8488019830128152,0
269,4,7.124974592343755,6.787446306493894,8.647955144253709,4
270,2,4.5838059972698595,3.6855122514375553,4.64473509111922,3
271,5,10.819217937349661,10.309487782164528,9.412218359386582,7
272,1,8.980484999520572,8.16512510924795,8.809458252974947,7
273,2,7.744118642329468,6.845007543902241,6.681341814863304,6
274,4,7.792155910760632,8.990991207471989,8.381505288138785,2
275,0,0.08110024404002149,-0.7088257812482381,-0.1802625382868449,0
276,0,-0.2197403034028768,0.03878161131674618,-0.05653004837552267,0
277,9,10.683178238708201,10.72141167392444,10.31382512866164,2
278,8,12.755800164807571,14.253894727378693,12.200457860944246,5
279,6,12.110821095133803,11.607664863078789,11.137199085518176,6
280,0,7.512407576578319,7.893555623232641,8.348630513399849,5
281,7,11.66114032990064,12.45221003217675,11.487987228100941,5
282,2,6.69364653922869,8.183396146549272,6.378955645530306,5
283,7,9.065593845683178,8.547840500637912,8.867379947241018,2
284,4,10.09027450634426,9.47238203761188,9.411412712858485,5
285,0,5.579015438927221,4.517234384967168,5.2676640121511955,7
286,6,7.455092736909645,9.691392357757886,7.660722551603133,1
287,4,7.182574823978838,8.567047262159225,6.148437824922073,4
288,5,5.553272688950949,5.511071294638906,4.663920695871742,0
289,5,4.506240057639544,6.4376792087666,5.884524151262218,0
290,7,8.695897660242714,8.594034265877058,8.333141127443158,4
291,8,10.369577602687485,11.093988074121015,9.818016793763476,2
292,1,4.361144770346868,4.371316672069589,3.0172731647875928,3
293,8,9.42091969152057,9.818725143271042,10.27159732899481,2
294,9,8.361656139856997,8.653417582390544,7.305730326346154,0
295,8,6.688627274912347,6.263641901535697,6.673334613950889,0
296,9,13.773099941538872,14.865598479624225,12.064914872222282,4
297,9,14.882215782466808,15.59816820015071,15.700388582830925,5
298,6,7.120949114824111,8.14864370832559,8.297805358442691,2
299,0,7.460065540461149,7.780292725960495,7.944585885939164,8
300,6,9.936710878861037,9.030140997083903,8.40223074745574,4
301,9,18.270865281035547,19.98025134759325,19.10962742494478,7
302,4,4.545121747588932,4.282565514021506,3.7177727479485796,0
303,5,8.056584484991621,8.420651513560035,6.8856126062700085,4
304,9,11.303780309490506,11.939161668312774,10.920319263732852,2
305,6,4.623308459361918,4.980730175579537,4.219940786015429,0
306,4,7.717990309916171,8.633407331146445,7.212941658735882,3
307,6,11.675547393544486,12.748925315860983,12.94922164144918,4
308,8,15.679791685083957,15.454958182036709,17.691617681526584,6
309,2,2.7348935034743387,4.360360845429986,1.365756966124874,0
310,7,8.416587644131871,8.149684089970606,7.727755249807281,2
311,1,0.6990982434858741,1.0358472923666624,0.8418465795308308,1
312,6,12.599794956630891,12.21211677302666,12.211078465693664,8
313,1,7.193782890501456,6.5203093678506665,7.5931816397799725,9
314,3,8.693855763007921,9.738046851798787,9.609841118953716,5
315,6,14.8971644797756,18.019061377201645,15.646530422045641,9
316,2,4.9092161664531275,4.5474562781328105,5.51894973430296,2
317,1,9.428031485234788,10.643353059912867,11.08712700615451,7
318,9,16.09990554390241,15.773994231202215,14.5109582609863,7
319,6,7.14596160971315,7.135476632857146,8.626070401667766,1
320,0,4.535679655502533,6.293263427734205,4.12268802141279,5
321,7,12.653915582827592,11.580380297752287,13.439040803503218,6
322,2,3.728469912472934,2.3903108438498113,2.6988036841934906,1
323,1,9.82562496963469,9.738426320871541,8.917128577741412,9
324,2,2.6809923332471763,3.3446483611848508,3.3431096247292036,1
325,4,12.981683140557148,13.44534971223803,11.052953117807302,9
326,7,7.886330196061589,8.247009371754585,8.875772274349902,0
327,9,15.307338442169897,15.341470423681475,16.567301944511485,7
328,6,5.933471482447968,6.720011509431887,6.111256336276928,0
329,6,14.24527783777843,11.331605395733458,14.387038873356987,8
330,6,12.160221903585239,11.409416598497497,11.326585758676787,5
331,7,12.760703223200581,12.667090813917133,13.43515262560425,6
332,0,8.282176613948279,8.986711413050788,8.629841860355704,9
333,3,8.515639055727645,10.005404195796212,7.594133659703822,6
334,5,15.053057433015379,14.16795772484824,14.661577482927187,9
335,8,12.033305298603464,13.490383924140032,11.87396987390766,2
336,1,0.6862421863139672,0.2336805171126043,0.29343998979478014,1
337,0,6.904698384930143,6.7747886019494565,5.5417869715801675,8
338,9,15.831203213297854,16.412635732095467,16.53022352188175,7
339,1,10.110956096068044,9.907720016761271,9.86744564016615,9
340,6,12.786969565554996,13.897087172221314,12.802334341448304,6
341,2,9.108866991398514,8.70426284628537,8.530600404001088,8
342,9,10.936890963350535,10.547355972070202,11.412162437322525,3
343,1,4.13808715313363,5.190067107342962,4.336783337515033,3
344,6,5.7415992797928315,4.978474891525173,6.95438366892325,0
345,1,8.926720997771525,9.175650093088185,9.40731971071051,7
346,2,4.487359803190384,2.8268771354965603,4.284675401353273,2
347,6,12.555379347633219,14.375018699694408,11.815662530130659,6
348,3,3.8955186536231334,5.102070589859908,4.761471337539779,1
349,0,3.3555802585682057,6.10568745814896,3.073004159781748,1
350,4,9.16225201840624,10.500615749852626,8.990534451810019,6
351,8,13.610809833754775,12.481159604154293,13.438838227462101,5
352,7,7.730310012926893,8.398959873087485,7.328702302269764,2
353,8,14.926532322260547,14.008523560038743,14.771993328030678,8
354,9,17.392654401234545,18.970691908287645,19.318861963967123,9
355,8,14.629323336618025,13.528183048640454,13.581501282490333,5
356,6,15.26389443045402,14.114739546214222,14.44939021969241,9
357,3,11.409521931455625,9.79971047775894,12.793846349609876,9
358,4,9.374436325954573,8.886056504691572,8.999631941459501,5
359,0,0.035147881424508566,-0.6543299433590628,-0.41547340265038646,0
360,0,2.50802663086088,1.2463775250216147,3.542890487634314,3
361,2,9.603371144211772,11.593180248455296,8.183175526930022,9
362,7,13.43854248451229,13.968423180898935,14.259996913765695,5
363,1,6.209818128710042,6.622052668566754,6.2554345580315855,5
364,3,9.17373837346824,10.762902792716167,9.638540504300217,4
365,1,1.94032162054088,2.1965794125838145,2.3863525757930057,0
366,4,11.551319724761042,10.802639523255902,10.923337138278404,7
367,8,11.564795671383033,9.864585928865376,12.61597945153294,4
368,0,2.9046544361430833,2.0995970437996796,2.354516724665014,4
369,4,9.782269015511552,11.287684616020014,10.191118034510295,6
370,8,9.87570740579417,8.620371290108011,11.113431891323307,3
371,0,5.650190380730755,6.003317618728632,7.029092080577224,5
372,8,12.63265249769713,13.666577640782688,12.365526161756437,3
373,7,8.73908773388287,9.024432574326122,9.20222300812388,2
374,3,9.944490972391197,10.34347430118178,9.585002182187578,6
375,9,15.310770929783143,15.966374842656569,17.81456715705192,7
376,4,6.697533161792649,7.076814033615298,7.477659167666467,3
377,4,4.185036015434557,5.7941101879078385,4.269094451271493,1
378,5,11.86686696492949,10.826575236701878,12.179429138387231,9
379,6,7.963466650081389,8.203891526920176,8.370572065527456,2
380,7,7.128451737597753,5.310211303600605,7.565195278381235,0
381,7,15.065860998761638,12.9921148115751,14.825862781115081,7
382,1,3.7954382526692876,3.713767221817304,3.4011109534341126,2
383,8,17.808952899038996,18.352332467983754,17.657099537312504,9
384,6,11.025963776882122,12.656631554119686,9.886272071834915,6
385,3,12.459497306070691,14.879289039081154,13.177771713045152,9
386,3,8.582593965481593,9.902454636147073,7.78088892283262,4
387,7,16.379867850709083,17.10703359510711,15.319917771724366,9
388,3,8.828593613064998,8.988558468838812,8.81423914650085,4
389,5,13.018966111119862,11.487738047936485,12.888843481429976,6
390,4,11.731531729708355,11.585495123966556,11.981166205497344,8
391,2,5.303060254919428,6.593437006177654,4.734854885523019,4
392,9,8.23853783458105,9.13681969060909,7.845995276350077,0
393,1,8.48386417989678,7.197530033213832,9.17598368498527,9
394,8,16.481597100584477,17.095622747842956,17.11281430107967,9
395,9,10.207665449756247,10.736058261623967,10.797190495932925,0
396,8,6.79596242474876,7.145852544863497,6.829930037100242,1
397,0,3.9625465992862536,3.934691043908919,4.131469222618528,5
398,9,16.872868558348003,17.538452525292197,17.103307446058505,8
399,2,8.1228147993783,8.820127838290698,7.466773059569324,7
400,7,10.472714055759779,9.831255290328373,11.94676065590588,4
401,5,4.487670325577696,4.942684386959791,5.819258358065396,0
402,4,9.742459779938251,9.553064639191037,10.536705370939218,6
403,4,7.270545303890262,5.783311436144018,6.844683717488664,4
404,5,9.188786786144451,8.627179751106288,9.7279309040946,5
405,6,12.934309745921231,11.370620060575806,13.912679683691003,6
406,0,3.0496541778603454,4.02974771293045,1.8264572761392022,2
407,8,15.619456654752591,15.975346032306911,17.31396841645109,9
408,2,1.240402600727116,0.8849119895211709,-0.49898501042867904,2
409,3,8.06337484957093,9.483896192859579,8.767980669280005,4
410,9,12.771199581447863,12.83919048902903,14.224481887700332,5
411,0,8.21274483845974,6.781522082492865,8.09968137443271,8
412,9,11.434328126971783,10.994849586787971,11.28386372714871,4
413,2,3.297754985259672,4.930609172532964,3.9654157779065953,0
414,1,6.543667895301528,5.874192270212385,8.3955497872354,3
415,1,5.182806909205337,5.458028197963167,4.9017392712639705,4
416,0,8.905897351540483,9.64977397605512,8.12494215967454,9
417,7,15.677860424809936,16.267808909364877,15.254084969201942,9
418,2,6.781799311312912,9.231259110271012,5.229285319026691,4
419,2,8.567686750934586,7.391383494011317,9.465444649649742,6
420,5,9.003498453552865,7.927035373020062,8.489415400839006,3
421,7,6.372083477401917,5.2123290302997844,6.163744323336362,0
422,8,12.340117706404644,12.044199285387759,13.249738837823651,4
423,8,13.457531933293804,14.556909321476256,13.080621608883956,6
424,3,10.942284351929946,9.910549772133434,11.701374747318342,9
425,4,12.958984578996537,14.072345084940476,11.92089607518025,9
426,1,5.077487269622917,5.112613939550655,6.036206697946915,5
427,8,13.173726997742587,12.064730304531665,13.515632019008057,4
428,7,9.138079621984177,7.386709665416321,9.04950059116451,3
429,2,3.36354594068736,1.8359754468780336,3.4944394286311553,1
430,8,10.396577701240277,9.730724293006354,9.10981640658754,3
431,2,11.277062750437512,11.107911574694192,11.385063494384482,9
432,8,16.476003426544644,17.822066403275095,16.33433364118804,9
433,1,1.7427887251424625,2.5418769373307013,0.48335611470489903,2
434,9,18.483772740951846,17.644831488871542,17.8126973140453,9
435,8,7.764584378086778,8.173249661458946,7.63533912013426,0
436,7,14.285984940722459,15.937531209914699,13.678692755774618,7
437,8,11.571157064369562,13.445074485399598,9.159043159319145,4
438,4,5.672063486231548,5.357657474677952,6.748451025840414,3
439,1,9.083178597056257,10.041467026761259,8.941088721966592,7
440,7,13.736757755441088,15.126713122328912,11.462807546204543,6
441,5,5.433039024446757,3.9259671012683697,7.568001964126152,1
442,7,7.069779213498798,6.557372126339101,8.311171544811987,0
443,4,8.042019483162937,10.2620382175862,7.693037432094602,3
444,9,15.542961664137604,15.2419255540167,14.700464172770902,7
445,1,1.6981154948094481,-1.2308358698916493,2.10130670556997,1
446,5,7.243632500007374,7.1226706896206515,7.445959314891516,2
447,4,3.540908936445414,4.665534435561276,4.0829988612457875,0
448,4,4.857091996987022,4.863602433787919,4.017471723731974,0
449,0,1.8310992196925622,2.546463166493196,2.9288712406641952,2
450,1,4.2159641250060265,5.154186122661758,3.742502001830477,4
451,7,9.608638829873994,9.253701378441713,10.289404578529561,2
452,2,0.8578693505686532,0.3384763641542772,0.06093009011162909,0
453,9,11.014878561124213,11.168319537078485,13.6630225468777,0
454,2,10.582496363580203,10.760275286510083,11.278019712545461,7
455,7,16.513495476921015,16.567572296767988,19.397727753494664,9
456,7,8.429331021819902,8.524487544502366,9.256932998145949,1
457,1,3.3824414178192983,2.6338952831985605,2.8209770609506144,2
458,7,7.510905214081093,8.26119212416204,8.340286007670288,1
459,0,2.2973096456808424,2.8965415927938087,3.197887463874059,2
460,5,10.076867389542151,8.740859022906694,10.450191534039915,6
461,7,7.503818418440181,7.114656101354214,8.134210890472238,0
462,2,11.867846943031296,11.960926815570742,12.629574072438972,9
463,7,13.621913899016665,13.08760089674049,12.628232888250924,7
464,0,8.404898205845281,9.042270183433075,7.34003980111533,9
465,8,15.78752297535209,15.720640436894952,14.993305976737656,9
466,8,18.45795523356569,18.627027763020877,18.585497627936203,9
467,4,4.484335966157788,4.0836266586747145,4.261164794684368,1
468,9,10.801260963983378,8.808042140572763,9.825690398060429,2
469,3,11.300155584995725,9.249807263433276,12.075469795515371,8
470,5,11.282207642889935,11.871817189581963,11.565252463026415,6
471,6,9.746560095681069,10.013472172170463,9.915489087051924,3
472,4,12.620670080161672,13.059332286512756,12.362680774987735,9
473,9,11.861332061529087,11.995804903592,11.483103959163513,4
474,8,7.6863346910276835,7.900902094401198,6.845003529218707,1
475,2,8.420744767157153,9.38976814077594,9.354485059694492,7
476,6,8.048149525325377,8.492768897726789,7.34465664367219,3
477,9,16.696383294692243,17.737292644998355,16.90577376138506,8
478,9,14.307578810759983,14.47904065198658,15.969589207032016,4
479,4,11.62272179411631,11.32234005359654,11.29046404942696,8
480,6,8.622349138665443,8.816552000821689,9.583051279384637,3
481,1,9.98360122374421,9.147423342256914,10.552310239779883,9
482,3,6.594375008787933,6.2145280798760245,6.905842572048987,4
483,1,8.932608764281806,9.110180072921843,9.36295720618656,8
484,6,13.540869222481346,13.705187554382357,13.445962653210415,7
485,1,3.884751054763314,3.7783321747603256,3.9195270235567543,2
486,0,1.0032131997390237,-0.38497151043518296,0.4550992515132991,0
487,8,12.05685222073102,12.693261767151734,12.098309341865109,2
488,0,3.569359446172438,4.403587852771987,2.984133450388941,3
489,7,10.23447890134931,11.878169396601548,11.240133994425907,1
490,1,0.22351819194035694,0.6652941885290881,-1.475979236738087,0
491,7,15.091284902424585,15.092746736616068,15.572338193550067,6
492,2,8.61962394578041,7.606594436170259,8.956210647202688,7
493,5,10.717981069236965,12.20999893859802,10.963997033412998,6
494,2,5.880127452577127,6.12796042945115,6.904626401442613,4
495,6,5.7813792888412685,5.974752462666725,5.495255698798321,0
496,9,15.085840396726503,14.831784198547652,15.341274241298553,6
497,8,13.41997199751156,13.102002431076698,11.703430109325106,6
498,1,9.829962173071372,10.51822890712222,9.41464529093615,8
499,4,5.44716496537882,4.425724342720228,6.302901396554044,2
500,5,13.655610398252891,15.281042257411672,12.31644866271641,8
501,3,4.527723619523765,5.935250077062136,4.68746698657451,0
502,3,2.64289763019226,2.288836083325171,1.9653805583084631,0
503,3,6.794383417979177,5.930518852106135,6.683396446207443,3
504,1,9.559159288903185,7.543953300547771,8.941481800141588,8
505,3,10.25288688221975,9.001473009735523,9.005691277926319,5
506,0,1.49516943515505,2.225080928037924,1.8811727501148507,2
507,5,5.795071616805784,6.110413475706438,5.745474854781039,0
508,0,1.3739889082234469,1.867642473529535,1.9866180279106462,3
509,9,16.504141589263188,14.658561953939026,17.29857949726205,8
510,5,7.353392837596908,6.957577217494244,8.578651574685923,2
511,0,9.393159969089782,10.760432775371864,9.526646714532447,8
512,5,9.774066635015798,9.678039229696445,11.042687659619006,6
513,9,12.78609064074111,11.513795906117124,11.810316133350156,3
514,7,8.936776543517041,8.82517421267414,9.845736372745172,2
515,1,8.478472346607688,7.707454928242439,8.937862762935541,9
516,1,5.18158684594879,5.5152659058941875,5.4146794984635775,4
517,3,8.70916123297821,8.729706611865925,9.153893467141328,4
518,2,2.879577340088383,3.422874004170674,1.918838461752921,2
519,3,10.890062284629817,9.672138657864704,9.693315474704795,8
520,6,8.013361015360434,7.564644446695335,9.723189201437433,3
521,0,3.531417068089984,4.621851409489093,3.362694889892714,4
522,5,9.432170143524633,8.077890089089152,9.249176721717932,3
523,2,5.728475524508617,4.725363508468639,4.626166050267326,4
524,9,16.401565737515327,16.600863047507392,14.91978743201849,6
525,6,15.109054047931586,15.395783887015378,15.020735169119304,8
526,9,14.637262086515552,14.148412243772782,14.295674165006824,6
527,1,4.497400539393768,4.218967656754918,4.499134896136218,4
528,1,9.104001193185498,9.637226754741139,9.191155133567673,9
529,3,11.069118805806596,11.918753807566464,13.558579887067289,9
530,0,6.353207394507843,5.283985729218084,6.0146274137688875,6
531,2,10.980214684785034,11.344534205412984,12.560154792728481,9
532,8,11.376394565070793,12.888410565076516,13.018418780115738,4
533,6,6.451237077876721,6.335345016515588,7.204861363148705,2
534,6,12.106178767822211,11.026339614033692,11.8710524352731,6
535,3,3.530447820938667,2.4043559121114506,2.1689754848059377,1
536,1,8.804702304417907,8.643964863106042,9.282646181751813,8
537,3,12.304661828698082,13.3405091335657,13.323473908399027,9
538,5,11.498197138612136,11.457441288765516,13.24588460289512,9
539,2,0.4667253962908753,0.655957376196803,-0.4832325579559066,0
540,0,7.296443076805188,6.300101394631384,7.052916687619921,5
541,7,12.493389493300382,13.47650712627693,11.549524902877536,6
542,4,8.48256689760247,7.336908326437116,7.849088905165548,7
543,4,11.550059820483748,11.045563336212116,12.214447354719375,9
544,3,13.484467368641432,14.114382230687726,12.805162599275697,8
545,5,5.29700253973016,3.257571041410228,4.472731362413151,1
546,2,12.159015244897157,12.332976394582865,12.956011108619432,9
547,8,9.121117998337205,8.082044431945423,9.571856788380751,1
548,4,7.515032962501029,7.531582361410142,7.865044160436203,4
549,2,6.775445470763093,6.423389863051156,6.122558112564027,4
550,0,2.615643324643712,4.7214781499922,3.908666602858414,5
551,9,9.558867380143397,9.16574619094349,9.573357577463188,2
552,5,11.507648987860438,13.35030036074378,13.887839126615209,7
553,1,-0.3429043982696083,0.2440478929137665,-0.18173822879956392,0
554,2,6.419222211496028,5.6177632407663,4.085874369648868,5
555,0,3.853713045682828,4.1845239709425845,1.4758375109059592,3
556,8,8.13213672133598,7.827726974998169,8.75608666318145,0
557,7,14.33061703550959,14.572774526250823,15.631111187840396,6
558,1,9.195375284351744,8.481484296918477,8.411547154427895,8
559,7,10.992460831494526,12.682638464840483,13.093439604271676,3
560,8,10.935929699871503,11.861327790668227,12.598928636865606,3
561,0,4.4097245166402175,4.441506084801809,4.620271280081365,5
562,4,7.480568055541888,9.209682823611422,8.02002199789802,2
563,7,11.290649712063933,11.364928956146782,12.18517992945245,5
564,1,7.343844823124299,8.441469787985463,9.233839720444815,6
565,3,12.768897363224474,12.807197950746898,13.451033329970056,9
566,6,15.841492704470857,16.235380299281434,16.029424356742005,9
567,2,2.8345573297799804,2.7531185488372008,3.5068585273666293,2
568,4,11.051950405828265,11.147251759702202,11.589310687277491,6
569,7,8.02104475389273,8.191576614280729,8.945454941167723,2
570,9,10.810703655349993,10.1409718228616,9.240680362270457,1
571,2,11.535173471049099,11.134104804126011,11.851026920996555,9
572,3,6.818630661779898,6.601875645293727,7.279071169359635,3
573,8,13.794996478900973,14.02470749570327,13.722149311848801,7
574,6,14.587929742734392,14.557350723230925,15.372096186951952,8
575,0,7.0855936764081715,8.258626210233878,9.006761296977214,6
576,3,3.1933957831617406,4.0405141021413815,3.331612914266181,0
577,3,4.181383320395423,3.985055764370051,4.873104401103114,2
578,8,16.91974761432799,18.301531511779928,18.52601237477954,8
579,5,5.11391962810077,6.986940251676227,5.2754841340426255,0
580,8,14.325555736172305,12.281729441250189,13.437092533813496,8
581,5,11.103810537683339,12.036100622749618,11.719589386771263,7
582,5,4.473705468773026,3.7807212714415273,2.2720393319749506,0
583,4,10.505818287639656,11.306566308962955,8.207451249676975,5
584,4,9.330183086306214,10.568421026952645,9.663195133422471,4
585,1,7.326968531056676,6.449975936546124,4.98199814797481,5
586,7,16.232360277683867,14.380033178668107,14.917192535255676,9
587,7,11.913594791779198,12.749028879995063,11.533496228268875,4
588,0,3.8592205913141093,3.9946230737977206,3.137804241568223,5
589,7,11.006803098392771,9.338364344490143,10.858996594845653,4
590,4,8.451632701649597,10.98119720711242,9.564502842418094,4
591,1,2.9251009426908796,3.5495203549474317,3.1635817540548103,3
592,1,3.20991208964187,3.8800121297670223,2.3705916878624107,2
593,5,8.686639185804344,10.052456938366392,10.04108025858862,2
594,8,11.558769784560626,10.977945831714123,10.129912548016435,3
595,0,8.917545206664121,9.047999318752797,9.139428715436221,8
596,5,3.5475930765677375,2.2282711627879745,2.0075071015560333,1
597,8,17.557968849152925,16.95002040186774,17.810286754883464,8
598,7,6.813877652247831,7.199537652717068,6.495250248355233,0
599,5,4.231313685929957,2.5660290187975052,5.313551597456325,0
600,2,5.82536214819007,5.189072602511989,6.5460516193843,4
601,7,10.514977841719102,9.587043881781382,9.927838509727438,5
602,8,14.047942061752142,14.190034307372487,13.269002420935902,5
603,0,1.664604277226207,2.2393055388915557,1.3495075441940978,2
604,8,13.26136918797393,14.003521992350388,15.13694064800827,6
605,5,12.831944934311634,13.830761579089785,14.451013415419714,8
606,5,15.11801565457614,16.490132501148512,14.14974746920749,9
607,3,10.13145840078122,10.738703854464626,10.931683738782569,7
608,0,3.590306230466533,5.477642129360948,1.8588748015692673,5
609,9,16.464980829741084,16.584483351005765,16.01763836868372,7
610,7,10.071020045677376,9.897698891426828,9.143455692814918,4
611,1,5.843898968625183,6.451206331985223,6.913178426197624,7
612,0,10.496007212717178,10.27959603772459,9.205289692928766,9
613,1,4.457229874827689,6.309794603602739,4.886580110250161,3
614,0,8.921729336196584,10.052712809331796,8.922439457762549,9
615,0,6.654390485303301,7.404668629502815,6.478941655573791,7
616,8,18.397079500733316,18.528498844774667,20.068662451477714,9
617,0,4.087155150198406,3.679677978783543,5.846852342532717,1
618,3,7.448780518566516,8.150105523134275,7.304387700113545,4
619,9,15.970365317672124,14.843267865825165,15.62444901707213,8
620,5,7.845534481132024,9.379898014573044,6.338661162328857,3
621,6,11.43057267209405,11.252935966708677,11.42631368485484,5
622,1,-1.3495283069918655,-1.0444215737511364,0.6037749487541253,0
623,5,13.334499201778117,12.424898125584829,13.205763862250194,8
624,6,6.436425129493079,7.1594113926123,7.165184412636859,0
625,9,14.32634219798722,13.872600585148891,12.928844874067956,4
626,9,13.222123302373054,13.871352092678153,12.787348372639453,3
627,1,3.111172160289536,3.8685656292669255,3.573637466092187,2
628,1,7.514636906580359,6.8670047929918185,7.620499304628411,5
629,9,12.035678319038755,10.91214919812476,12.860345653449317,1
630,6,8.02795145524446,9.559851371789005,7.425279570685797,2
631,0,4.418187078467749,4.225888044438667,2.668198529644084,4
632,7,13.232702646889424,13.457551462935061,14.354792877211693,8
633,2,1.549026737558912,2.0344912622056537,0.6128774482880035,1
634,5,13.161803685990481,11.90810355609226,13.668407713492465,9
635,8,14.556381695482946,15.019047832302833,15.007238561971361,7
636,5,4.903876975261932,5.003003511416569,3.24012378022994,1
637,8,11.964004588022759,11.320473890318368,13.013130005262784,4
638,6,11.586290832325382,10.429754847487652,11.019723637796412,6
639,8,16.070895231339616,16.676780779296887,16.125949853326578,7
640,1,0.5252263545162921,1.6529383627111716,0.1670437905507356,0
641,7,9.713282051784505,9.891872569177307,11.335873554017414,5
642,7,7.12575117253542,5.691285830685733,8.469241380719483,0
643,1,1.985801975588661,0.9284691584139306,0.1734673918179388,1
644,3,2.1379501185955063,1.7058264092714526,4.396777240503695,0
645,6,10.094999883497037,11.659619624657786,9.41669315098184,4
646,3,10.924735411773664,10.677984749674788,13.027172088755503,9
647,3,11.329839953623342,10.861271030825142,11.073630381483357,8
648,5,12.632924436929851,10.959439637253737,12.292007730837916,5
649,9,7.194394527093234,6.537709736983123,6.947066794015411,0
650,5,4.48375791299084,3.25082155900001,4.08296826801135,0
651,9,9.323494878550864,8.320315047628064,11.847891416374086,1
652,2,9.566740116512456,9.686690796671199,9.490376917191822,8
653,8,11.019924579596974,10.618760373985797,10.717628147058285,2
654,9,9.542826559319025,11.24232101199037,9.619837316811969,0
655,1,5.8487665026064235,6.9267698753139,4.881431305681718,4
656,5,11.030495504753597,10.421611566943259,12.627616039043849,6
657,6,9.677900680055142,8.761082838314627,8.20681984436201,5
658,8,6.88531463874002,8.267956574404213,6.271306031668615,0
659,2,6.746259707466592,8.406302196950076,7.682920017313385,4
660,9,13.170831898413297,10.976583654867765,13.213184029180729,4
661,2,8.260207406078838,8.353065030050539,8.809422588578885,5
662,6,8.293262103246796,8.04138379535007,9.826426219932227,2
663,3,5.816985006667875,6.466105146727812,6.820786555000355,4
664,7,12.478098185816846,14.42076630997835,12.615574530957991,6
665,6,10.56481414968293,10.080757130355131,12.654156799534729,4
666,4,8.710332496238626,6.649633981574713,8.081996347442393,4
667,6,10.855108632154687,11.434116332303951,10.754798991162135,4
668,2,9.951475886794807,11.341439955399009,9.92103555529204,9
669,1,8.798969833923074,8.4952100524033,8.696548067906095,9
670,5,6.8101974802525795,6.105160000112918,5.740986823291419,2
671,1,2.4400735165334546,2.002814111155755,0.8564236913729564,0
672,2,5.3061316791919815,6.156337046323216,5.723333253571175,4
673,5,13.454971890600973,13.000510949315993,12.821498105050315,8
674,4,4.455061138938965,4.783821439281811,6.362869927920245,0
675,7,9.760772749670613,9.788575665410553,9.688230426435373,2
676,8,12.66444025394821,12.589060641525444,12.41295099645672,3
677,2,3.5619064247661063,4.263198751518339,4.65624621116876,0
678,9,8.405394166160495,7.9268142662963,8.807586803608217,0
679,2,6.902104558691326,6.4715179985090465,6.726587130904277,7
680,2,2.321470664635257,3.1190735146350113,1.6807389168708138,1
681,5,12.075672294047235,11.088746969878583,15.73337409804631,7
682,0,5.638354722314343,4.758134531492016,6.0001404845760815,6
683,6,16.967898942928134,15.70758465158454,18.05232852031253,9
684,0,9.018780304316449,9.867791217593002,7.995834784082954,9
685,4,5.653711880256194,5.548474912174926,5.075726493832519,1
686,9,14.217214309647343,12.903599163568277,16.32956019793763,5
687,7,11.653366816509179,12.507175378818246,13.050297755864813,5
688,3,3.0751883220373335,2.519646160461898,3.5328104257706165,2
689,4,4.921382361458515,4.049704282621629,4.539811469661491,1
690,3,6.254647293154127,6.058968734277175,6.0206115211975515,0
691,3,6.755541600162166,8.234265209630058,6.079430864906037,5
692,7,9.185126955625776,8.790164759129206,8.028277625487135,4
693,1,10.93638930256891,11.511728166684495,11.860233486829925,8
694,0,0.742082969869335,1.4691629903202887,1.2809141926613934,0
695,2,8.187419880523436,8.630693178529842,8.923498696865709,6
696,8,13.362673862367057,14.633745512041319,13.025775874404793,4
697,3,6.168498057043903,5.461382052411625,6.424137032177067,4
698,9,9.893405239085348,8.850070396035012,9.461361474111214,1
699,4,6.9551541169008235,5.892187460875829,6.227846054130517,2
700,1,9.110354367820396,8.965885952520603,10.777416803962572,6
701,3,6.831455685343392,5.884409027502863,6.952962982184134,5
702,1,3.280734458560395,3.428275370425723,3.788188796846935,1
703,1,6.381839060840984,6.458827480565877,7.2175930746984855,5
704,3,4.163061067429416,5.181634370615456,4.297101953662439,1
705,5,5.9922707777452615,6.283415085981302,6.232903521770416,1
706,6,5.615353379305397,5.199201523443948,4.528728202351689,1
707,9,11.963088998213033,12.373938202645716,11.066973969776448,2
708,2,2.217730979673672,1.1875369597757313,1.2699162245452253,1
709,2,3.920309297497653,3.8821686094733354,4.525767714318188,3
710,9,17.885458958900337,18.204860192495918,17.956349611722402,8
711,5,10.789134025146678,10.918451623296805,9.89310246138109,5
712,2,2.0790000836110623,2.4940651785470465,2.659098925246269,0
713,1,9.079543620811641,8.43549760509885,9.623000081765747,7
714,7,14.425936581479116,15.577967984288632,13.730970590179751,6
715,4,14.30822407782554,16.13039302722125,14.280396533196267,9
716,0,1.47172102659802,-0.13095511826057415,2.018862701658497,2
717,2,3.014104931279712,1.798506935325464,2.1557495771602886,0
718,9,13.21164097750865,13.254723985533035,13.7778677424046,4
719,7,11.725907770352375,11.469356789799502,12.026931374515936,3
720,3,11.876271663732828,13.77268406950561,10.877071958231802,9
721,6,12.64352836263167,12.863312686056132,12.863325097629772,7
722,9,8.386203123157124,9.778748376883081,8.751851709813028,0
723,1,10.189287894235555,8.140164007781955,9.563286768096756,9
724,6,6.466725467592104,7.280894950924456,5.919441817725895,0
725,4,7.485962282927271,6.77044546366895,6.477542351996081,3
726,4,11.349172540311857,10.6176299706922,10.900173571187963,7
727,5,9.671037012679806,9.422678986267682,9.658955002242658,4
728,8,8.777458164085601,7.352874524354509,8.23293600539128,1
729,5,9.12748468440813,9.570270209729982,7.642596786164242,5
730,7,10.040172003086353,10.230886969803148,9.351583978449726,4
731,6,7.975051095303469,8.241243343490739,7.557758988491466,1
732,8,10.47032231052829,11.357353332661196,11.287161020160543,2
733,3,9.144162229049677,10.658944275243831,9.738927143826608,8
734,1,8.09675342679994,7.733042377712394,8.932974505674943,6
735,6,13.880435146402656,14.357785786139129,13.141416249403687,6
736,5,9.284083149241468,9.577071357576447,9.425633928320812,5
737,0,7.336160046276041,7.713774552604981,4.9131135472745076,7
738,8,10.52654190636764,10.919139570833623,10.955462304548629,3
739,8,15.628306925471167,17.218810270036006,16.239204599371963,7
740,1,2.833991110924775,2.374314242435481,2.4823659430638507,3
741,2,8.928554342901219,7.402818439697537,9.223984154623,7
742,4,12.98131412799878,12.283440359382894,11.466389852628728,8
743,4,7.235711739298839,7.992978672834244,6.434644748899015,2
744,0,2.4264958189196886,2.4498253275668658,3.191945057351964,2
745,7,7.66095469679026,7.193355356295265,8.172207975329835,1
746,7,14.407398915656392,13.330901647246751,13.995544404611625,9
747,3,4.242450288760718,4.463736410491251,5.053812606165429,2
748,6,7.53072659524522,8.175232870519029,7.669024712045131,2
749,9,12.302266216698387,12.608138271794415,11.798045252776227,4
750,2,6.059552968313615,5.806222637158669,5.876725657710321,4
751,5,5.658112263828715,5.804753548126178,5.20269457251718,1
752,9,18.172121372335443,18.312964338892858,16.988345421516915,9
753,9,15.202627301047663,15.392324232265326,16.459313106949764,5
754,8,11.593537778770639,10.409232827751518,11.025513345478048,4
755,0,3.617133022745775,3.814459373360653,2.7847723084488636,5
756,4,3.298292401875125,2.8576959334089307,1.7689440813617663,0
757,3,7.583588469973272,8.62420707598303,4.947620602384145,4
758,7,15.677943784952673,15.810862426702947,16.37944065307166,8
759,0,9.406085197016234,10.241564418839125,10.199693884052445,9
760,8,10.300737305888015,9.998955918838263,11.493775890482723,1
761,5,4.813636930123015,4.547923092511557,4.664597613952832,0
762,3,14.052166148009324,15.546417394265656,13.730173620715728,9
763,8,16.818187136105905,17.254522324521414,16.310464022802766,8
764,4,10.476512529792123,9.761997997386384,10.05995489995392,9
765,4,13.800658629963566,14.697633068584041,14.920448980703753,8
766,4,11.233013389864277,10.699708656436407,11.20649814113532,8
767,0,3.9658988105430693,4.191596948354593,4.343969606544472,5
768,0,7.523771109832894,9.360445740692299,7.08176427787249,7
769,7,5.261819527663456,3.8305371400254016,6.582667433884163,0
770,7,15.304530768678386,15.12874884691185,13.399791889243648,9
771,5,9.557098540624207,9.965370181526238,8.336574365906161,3
772,3,3.5562175789975026,4.320915913662176,3.9359281032320608,0
773,1,8.812239780939219,7.571005873578346,10.562850532170154,7
774,1,0.34308939950252604,-1.192700869072492,0.11798919974375568,0
775,8,8.461630001031896,9.552379353022323,7.6192591953045525,2
776,4,7.706817429313734,6.986402572509896,8.707480134472078,3
777,3,10.930256156241951,10.167973648244637,11.25395459825685,7
778,9,14.88499338608111,16.435243058853278,16.175207198075356,5
779,0,9.209069230117866,9.278771544849688,7.918718145373524,9
780,6,11.03293175652793,11.109169984209505,12.244600242538855,6
781,2,11.43776958805973,11.257970142908198,9.889312131291458,7
782,5,6.4797874429841755,5.255805376241005,6.191615296829308,1
783,4,12.826113358410833,13.50181030780522,13.238896111234759,9
784,4,10.830550762516632,11.240001284442256,11.016564140715726,7
785,4,6.149597478073554,6.318288803412987,7.210189814055921,2
786,0,7.069608262157981,6.953285222881723,5.2429482451487575,6
787,0,2.1896281233054524,1.8973084739671655,2.330635603004489,2
788,2,8.858513153447497,9.770996542994911,10.058155186231444,6
789,9,10.151397687893207,10.010104624687111,10.210691914965302,1
790,3,11.88764610852962,11.82358506999573,10.745306428762916,9
791,4,9.64125039332839,10.171143548212163,10.648757788155041,5
792,1,3.6032860336737964,3.8112469643541824,2.9549757635301006,2
793,7,8.830365880904845,10.472641938445284,8.006042868841966,2
794,1,8.250793042285741,6.489426264812437,7.300657289402234,8
795,8,14.341728914740434,14.641636353107698,14.143043801791471,6
796,1,5.078348668962594,4.372742888490425,5.261408889335464,4
797,8,16.44512828722924,15.503041752474312,15.176028232526162,9
798,6,11.157599517463204,10.700535311418857,10.09395364073326,6
799,7,15.410475843894456,15.465155252376219,14.71599296803224,8
800,1,1.5500950570276943,1.649164132951104,0.595106409141054,0
801,6,11.63996788534514,10.122661669666646,11.67672611189457,6
802,5,9.420062964087075,8.878979134409255,9.781284560487956,5
803,3,11.16974481096281,11.450966362439269,11.393618621229402,9
804,6,14.38225493914492,13.505324488361266,14.607586827892723,8
805,3,2.196022926359263,1.0812390216427479,3.867014641647874,0
806,1,6.241134569020731,3.9850022615277862,6.664818168647886,3
807,9,16.589718564029003,15.926525115653643,17.37368281191825,8
808,6,6.574785722127399,5.425156523176585,6.160169972350427,3
809,7,15.969828333370865,14.985895450260807,16.913834476032356,9
810,1,2.9269665201811974,2.655146216901544,2.4646139963878753,2
811,4,13.11171856752419,12.511889690981292,13.52316689511278,8
812,0,1.2881262367277042,0.12188834286839811,-0.0832406314546783,1
813,6,8.166164816560197,6.0503232513269705,8.332398948548319,3
814,7,11.713608126503223,12.015919431650865,10.738227891333885,5
815,5,6.3274197716509875,7.0802469854594605,7.263455426134895,1
816,4,8.83528574968959,8.438540770695216,9.711162211688373,7
817,5,13.33862173439045,13.072846037936174,12.871994346831357,7
818,1,0.16883011419533522,0.1716406298814584,2.218405042819875,0
819,0,3.417043820947617,4.995827397559869,3.131165524754142,2
820,6,15.39246514112659,13.824757347300817,13.780446240454062,9
821,6,14.629594136393974,14.215104410521405,13.850476166031294,8
822,9,14.149423436001273,12.427450471868553,13.105282413643423,4
823,9,14.573132052692499,14.935450511428057,14.952734154478753,5
824,1,4.672886216317451,4.52892782252944,3.437523189644999,3
825,1,9.835583559538618,10.038575672474696,9.296369543732373,9
826,0,1.3721686814720953,1.5252912440631716,1.686720852008865,1
827,9,15.412502185028258,16.403210438731772,15.55114807974006,7
828,7,11.656588900412032,12.194721864980497,11.643945088070252,5
829,7,12.964695047968908,13.795203005628995,13.090695567012975,4
830,0,7.191806414949578,6.126271725052634,6.821306317441924,8
831,7,7.154317126636281,8.347487991611425,5.5505650709699506,0
832,8,12.113469036715475,11.391106297226475,11.71663081597083,4
833,3,7.6892455282192005,7.02437598559522,8.157995312534487,5
834,0,4.514400936570437,4.785243513923432,4.377465947961033,4
835,0,5.589722092741383,5.891640355790659,5.981210465871883,5
836,2,6.0741808168524205,5.002324014619942,5.487397787342935,5
837,4,10.10135671154655,9.928077419772654,11.09569279142448,6
838,4,5.917632661227643,7.405867978097119,3.361314793756309,3
839,8,15.788548618317302,14.320212056783207,15.929989131240657,7
840,9,15.176487310362626,16.661706551375353,16.525367657483905,6
841,1,9.082329886717087,8.840631435300597,10.58002840275855,8
842,1,7.6590313488724036,5.32127651543725,7.4272051796299285,6
843,5,6.724489709531599,5.357757976048693,5.398291553888715,2
844,8,10.914021959218205,9.950544421483013,12.280494801561565,2
845,0,6.051555127243864,5.427625826461122,5.999689960438303,7
846,8,13.411876518894527,13.307163260269188,13.252906979624646,4
847,8,10.449088817445146,7.745608687683574,9.556234176567415,3
848,8,13.303820932304411,13.490625324782066,12.053933451446154,7
849,4,8.671465091537268,7.616374583212384,9.235328260461623,5
850,8,8.558031802745791,9.94855437434685,9.227903257504451,1
851,3,5.663926013849964,5.39374929310599,5.865470015649385,3
852,1,4.231648015483983,5.1744941872167125,3.4676022338901396,3
853,5,11.097842360888272,12.208191340802566,10.032843535779122,5
854,3,7.808294086102864,8.89156732956908,6.376045430882971,5
855,5,4.3083824301811,3.741975687218614,3.7478372541031266,0
856,2,7.873453187716203,7.294253029994879,6.867599622967239,7
857,5,9.531817208690956,9.306843909402641,7.822507513399911,5
858,1,1.1121751607496473,1.7484125361285727,1.7635201731026955,2
859,1,8.27486690648364,7.764171636729477,6.955803044998673,8
860,8,10.244053895862187,10.12479142227194,11.227976577292921,1
861,6,12.176640795421577,12.450234611761026,12.57071250553504,7
862,2,11.628715860800305,10.723823934752438,11.923057048418704,9
863,0,0.7735179101915102,-0.1945903781376075,2.4388269562516016,2
864,7,12.771095899310554,12.612832017906562,11.485293265246028,4
865,5,11.83760673306471,11.811785548016353,12.711378729113505,5
866,6,15.591021556559877,16.02490703656152,15.293378983538448,9
867,8,14.991252601643522,15.663139176595077,17.562322758273062,5
868,4,7.355792974927662,6.256730154356013,6.974998543788453,3
869,0,2.768517114149556,1.9564321822059916,2.226208778023938,2
870,9,13.261933876731534,12.291181589168433,13.6874696515888,3
871,6,6.179718453098449,7.5921658546898705,5.970809920889809,0
872,4,5.447622538414938,5.327351948212403,4.6891595761150695,3
873,2,2.7889633552343978,2.805092650479419,1.8186865712985605,0
874,8,7.528140405566536,7.585914769580049,8.98634489395394,0
875,0,8.60247017904454,7.8868001653269,7.439008547144548,9
876,0,5.29789491647869,6.86216443542472,5.5209824768591895,5
877,0,4.566280879717371,4.977307534536099,5.6224650193434655,4
878,2,5.150134634006218,5.189725163784167,6.254629619448851,3
879,5,7.635729536157308,6.5304731150067425,7.0340771339758685,2
880,9,8.293142865939803,7.131210374283558,8.08695806531404,0
881,2,6.957296205276717,6.648388673670949,6.557102704262344,5
882,7,8.84908545045087,8.14909365687904,7.314066687784996,1
883,9,17.772791176436716,16.705346830890164,18.310308559456832,7
884,1,12.126435588973209,11.755477569401654,12.164939234608017,9
885,8,12.432976682727732,12.216548654451843,13.873561763329612,4
886,2,8.840009826745607,8.981795247205877,8.016804729444184,6
887,4,14.98157916481519,14.477659693440927,16.070275723432886,9
888,9,9.329163963266506,8.321563268606475,10.48839811355071,1
889,7,14.629699852712584,13.656778966721337,14.676771539520471,7
890,1,2.7683429494861462,3.981315678712334,0.5974813786524771,1
891,5,9.447861436076744,8.196103749715002,8.935293778632454,3
892,4,2.8628586194637777,3.226040917755048,4.648729743767895,0
893,9,12.060594216199483,12.58014054597388,12.357649987691392,4
894,8,16.021382211104704,15.900106735269036,16.71478191697659,8
895,4,4.377727662321636,6.145556720726814,4.288561080686668,0
896,1,10.122863953733807,10.624582946761507,9.899421043870678,8
897,4,11.517543775812271,13.360446824116922,9.650199207112765,7
898,3,7.8485867698897165,7.197522767974844,8.643325986945023,5
899,6,12.416461444756141,11.782516034862724,13.496142649478518,6
900,5,7.301044476274452,7.828581634954467,6.350182190807764,2
901,1,2.745016429987788,2.483550792668585,2.5661613084794808,0
902,4,8.165658943568532,9.85132436846055,7.851917666214241,4
903,6,6.616916586447436,6.958616970078373,7.037069880433722,1
904,6,10.44960903007183,9.405034810215115,9.905245448562734,4
905,4,11.198485319338532,9.461668910794506,12.129826242521535,7
906,8,14.429006644325328,14.350768051982064,14.500330960449817,8
907,3,3.984347938377831,3.8952248088445973,1.4349248827931333,1
908,2,3.8992617545939945,4.213027677902382,4.341982029786638,2
909,3,4.456128134220684,5.666818707976587,5.452479121811468,2
910,4,5.0355832876229725,6.1146965916169,3.883521627358034,0
911,5,11.214320403388005,10.635419371051572,11.623047338362579,7
912,2,7.455618619524539,6.161799217720118,9.28557828927875,5
913,1,7.8521430001562695,6.618021865147199,7.964209375334509,7
914,3,11.107695005646782,10.370893300325404,12.249323869976271,8
915,4,8.411786291045868,8.04505474300685,7.969631320809348,4
916,3,3.6924256161089986,3.9974877550741654,3.6744613276518425,2
917,2,6.191660891734783,5.390693294838803,5.987039603808437,4
918,7,13.288947489713207,13.569339460826521,12.901827063365651,4
919,9,11.443236654121275,11.805276799980327,11.295514609038198,4
920,3,4.942392036284495,5.085735918880385,3.311710255360178,2
921,1,11.12323932482382,9.994616327811125,10.792359190440523,9
922,1,4.301619247953597,4.769445973189555,5.639425703380382,3
923,0,8.687966952116033,10.769236580882756,7.7242768952642,8
924,3,9.624333988907384,9.870230815820289,8.558200717434074,9
925,9,17.59824937462995,14.645174273978682,17.659461746024707,8
926,8,8.238311793766401,9.479191365813303,8.349494937123646,1
927,6,13.309877284583147,12.60712950788376,13.687342003637132,7
928,9,15.970565269090509,18.2362779595862,15.85682669590587,7
929,6,14.278333029161633,14.394696480527594,14.350197193619966,6
930,6,13.546695323765876,11.86199462978005,13.195810550136876,7
931,7,8.887376170737214,6.822678680778462,7.61158001543725,2
932,0,3.4903072407464455,5.0300480034223245,3.418915372435795,5
933,9,9.121146901849897,10.22705188776717,9.845743898292362,0
934,9,15.823228878346823,18.049247764113513,16.338283504699156,6
935,7,6.919448108180777,6.930372593754333,5.17520598124149,0
936,3,10.494343640062558,10.437813756682878,10.74626900337164,8
937,3,2.4274133361536814,2.044694543995124,1.534643810296512,0
938,3,3.5351414354553206,2.8768511941961,4.927305440676703,0
939,5,11.759387939309157,11.36695838485134,12.085657722237537,6
940,6,8.361210115321118,8.578673447645148,9.257494075451724,1
941,5,8.005000106789643,7.1610993198775414,8.026168251204503,4
942,0,7.525977558417617,5.856688211543633,7.45992255952014,7
943,7,13.878296045582132,14.03817267959631,15.37414096323538,7
944,9,10.90776579536672,10.041570196673288,11.880540191991736,2
945,6,12.401825854034001,9.162388129093932,12.51968450628155,6
946,5,7.407656253624947,7.960223644281958,7.207989827487549,2
947,5,10.528768105791574,9.420709067674546,8.821593380260705,5
948,4,7.94252880780419,8.604318262494925,8.26709634267833,5
949,5,6.250188592833541,6.888036699349522,6.124084623513826,2
950,8,15.485868275517683,15.769458287040516,16.03982432259996,6
951,9,10.77942753251916,13.276245372875655,11.637246374053946,2
952,8,15.306014398017897,15.16796254804552,16.538935493065143,7
953,9,19.054666312043185,18.769026744544597,19.39165922293759,9
954,7,10.46344307236082,11.147115493777736,9.417082607232615,3
955,9,9.546522630972039,9.491075268858246,7.397209080053905,0
956,8,11.894577679243756,13.055071216637765,11.069877818886965,3
957,9,12.883336239103,11.614530331527478,14.216824738608068,6
958,7,9.510049844839465,8.257875397375125,11.333541314138905,3
959,7,12.468605796499592,13.23441528782581,12.230705044730417,5
960,0,9.387644307057657,8.222833367719055,7.926685052775306,8
961,9,9.066095559655773,9.675194166098487,8.417681984652933,0
962,4,7.155283538243904,7.52528638445427,8.293089360941774,4
963,3,8.181913950389498,7.487425664361835,7.590900776862392,6
964,1,1.8838612034530742,2.2510313636865082,2.4729851511205885,0
965,7,9.782226417608113,8.547633971823874,9.950784718906148,3
966,2,6.992799954209663,5.9929000279459625,7.7028032132467175,5
967,3,4.615030193772319,4.377842455360253,6.433041192719357,1
968,6,12.098476317306421,12.177404136378641,12.688257792840758,9
969,9,15.000367511508081,14.696728974520223,15.14728378814601,4
970,8,16.26892616494894,16.70204212882205,18.19729973075786,9
971,1,1.2419363694735717,1.6304027845218627,1.591488471098633,0
972,2,5.295302986503729,6.824669794851873,4.502355489172128,5
973,3,7.577458889594962,7.482173542449957,8.264924179364447,5
974,9,13.244688046365097,14.439251477549226,13.692143588498068,3
975,0,5.083832820334122,6.004558333228015,4.775930478063522,7
976,6,10.12620008718914,12.420177370482289,9.608614034722867,3
977,1,7.726303903767616,7.599045883865342,7.428044416452708,7
978,4,11.487164440220193,11.066805718767204,10.955275082718437,7
979,0,4.657524413485111,5.915218635728843,4.391764594772219,4
980,2,5.441421499490925,5.826854071232187,4.5986248972490635,3
981,1,1.1350493483691735,2.4167085651530726,1.5212040365289892,1
982,0,1.6354508534649763,2.3522496514544766,1.9466521674237955,2
983,6,6.538443822749184,4.431681731349689,6.883645599978654,2
984,4,7.49179633158808,7.868118108619263,7.429426992151425,3
985,0,4.702055154015926,5.013271051967416,4.5243918979908635,3
986,5,12.175559113323537,12.3086660157875,13.617564910977052,9
987,4,7.238354093861965,7.106111039738582,7.305759980699768,4
988,2,4.818224724117067,3.2260811963227387,6.081991570172543,3
989,6,15.173341423713554,16.04751834095188,14.17692544054724,9
990,9,16.879176301434427,17.252944729527922,17.468354135635806,7
991,8,12.847800019642333,13.949756717039758,12.113096982982318,5
992,8,12.68404127355435,11.145285749279097,12.127889345261016,5
993,8,16.10313070606974,16.61026519561501,15.69122486614219,7
994,1,7.661995567063305,7.427336229516742,7.187396598459527,6
995,2,11.538977975701098,11.682765985626627,11.069373319219247,9
996,6,15.112515711588115,14.889356077407223,16.32979080147868,9
997,4,11.983152210919858,12.526760138399988,12.028563384037499,7
998,1,1.3436906087697333,1.1808174877781537,1.5687459979793426,1
999,2,9.207305717813922,8.155390792758233,8.750145754262473,8
